cellID,time,cycles,capacity
1,0.679902372685185,22,94.8441454545454
1,1.32281273958333,43,94.8512909090909
1,1.99425626273148,65,94.8611181818182
1,2.63315634953704,86,94.7714727272727
1,3.26935808796296,107,94.7373545454545
1,3.93394977083333,129,94.6606909090909
1,4.56391308449074,150,94.5338727272727
1,5.22034585069444,172,94.4684
1,5.84518800347222,193,94.3654272727273
1,6.46683897800926,214,94.2877090909091
1,7.1159493599537,236,94.1608181818182
1,7.73481612384259,257,94.0881272727273
1,8.38193489814815,279,94.0017454545454
1,8.99760030787037,300,93.8759818181818
1,9.61034803356482,321,93.7559181818182
1,10.2512504016204,343,93.6395909090909
1,10.8620032476852,364,93.5205636363636
1,11.5020292488426,386,93.3380636363636
1,12.1124239791667,407,93.2052090909091
1,12.7222460844908,428,93.0375363636364
1,13.3579221388889,450,92.8086181818182
1,13.9653398981482,471,92.6850090909091
1,14.59662609375,493,92.4144636363636
1,15.1943932303241,514,92.1514818181818
1,15.7880951956019,535,91.8864
1,16.4053729305556,557,91.5523545454545
1,16.9955032905093,578,91.2478636363636
1,17.6064373576389,600,90.7816236363636
1,18.1863588888889,621,90.3515272727273
1,18.7606343645834,642,89.8597563636364
1,19.3572332407408,664,89.35743
1,19.9142771631945,685,88.7825436363636
1,20.4856882060186,707,88.2556545454545
1,21.0262593680556,728,87.60196
1,21.5621760902778,749,86.9047909090909
1,22.1186108368056,771,86.0080336363636
1,22.6415319560186,792,84.93113
1,23.1803057534723,814,83.6754063636364
1,23.6887403912037,835,82.1122309090909
1,24.199235644676,856,80.0203845454545
2,0.58718131712963,19,95.488
2,1.16766938310185,38,95.4479090909091
2,1.74235591666667,57,95.3548727272727
2,2.31534371412037,76,95.2802
2,2.8867032037037,95,95.2054727272727
2,3.45403462384259,114,95.0749
2,4.01775205555555,133,94.9801818181818
2,4.57689187268518,152,94.8619818181818
2,5.13318755092592,171,94.7735
2,5.6880125625,190,94.6455090909091
2,6.24006552083333,209,94.5268545454545
2,6.78941771527777,228,94.4183454545454
2,7.33656284606481,247,94.3063454545455
2,7.88207398726851,266,94.1412545454545
2,8.42580260532406,285,94.0565545454545
2,8.96714022800925,304,93.8887909090909
2,9.50604964699072,323,93.7343363636363
2,10.0433068171296,342,93.5734090909091
2,10.5787642581018,361,93.3786090909091
2,11.1142789976852,380,93.1733545454545
2,11.6482429965278,399,92.9218272727273
2,12.1794137395833,418,92.7077636363636
2,12.7097498912037,437,92.4299454545454
2,13.2363502893518,456,92.1706
2,13.7621061157407,475,91.8563454545454
2,14.2833815381944,494,91.5342454545454
2,14.8026681944444,513,91.1754818181818
2,15.3183708217592,532,90.7633572727273
2,15.8309558900463,551,90.3037245454545
2,16.3374275046296,570,89.8301272727273
2,16.8438010914352,589,89.2771863636363
2,17.3462372743055,608,88.6095709090909
2,17.8447945798611,627,87.9229736363636
2,18.3396043668981,646,87.1095818181818
2,18.8320095127315,665,86.2445881818182
2,19.3166809247685,684,85.3685463636364
2,19.7969024722222,703,84.3727754545454
2,20.2739188090278,722,83.2546027272727
2,20.7546612361111,741,81.96828
2,21.2619695185185,760,80.0739254545454
3,0.579730864583333,19,95.9348181818182
3,1.14860234143518,38,95.9485909090909
3,1.68711962962963,56,95.9286545454545
3,2.25300369675926,75,95.8922636363636
3,2.78569855324074,93,95.8338363636364
3,3.3438027650463,112,95.7260090909091
3,3.87020446064815,130,95.6479
3,4.42134379166667,149,95.5526818181818
3,4.93945368287037,167,95.4630818181818
3,5.48616503009259,186,95.3608272727273
3,6.02972547569444,205,95.2522818181818
3,6.54151512037037,223,95.1688909090909
3,7.08080039236111,242,95.0286272727273
3,7.59104414236112,260,94.9630545454545
3,8.12931454050926,279,94.8356272727273
3,8.63798358912037,297,94.7182909090909
3,9.17345372916667,316,94.6198181818182
3,9.67648685648148,334,94.4815181818182
3,10.2077869768519,353,94.3871454545454
3,10.7098264965278,371,94.2624272727273
3,11.2436405601852,390,94.0867
3,11.7745133784722,409,93.8948636363636
3,12.2768089259259,427,93.7812909090909
3,12.8065567233796,446,93.6434636363636
3,13.3077604074074,464,93.4122545454545
3,13.839207275463,483,93.1932181818182
3,14.3383390960648,501,92.9430727272727
3,14.8609801712963,520,92.6497090909091
3,15.3532829652778,538,92.2756272727273
3,15.8727247905093,557,91.8489818181818
3,16.3860061296296,576,91.3505090909091
3,16.8727344571759,594,90.8715236363636
3,17.3808914398148,613,90.1457609090909
3,17.8567698391204,631,89.4488309090909
3,18.3535679537037,650,88.4629109090909
3,18.8153524837963,668,87.4319945454545
3,19.2935031805556,687,86.1354418181818
3,19.7348375104167,705,84.5492427272727
3,20.1923393680556,724,82.4531045454545
3,20.6274495625,742,80.0501490909091
4,0.609078997685185,20,95.4860545454545
4,1.18183326967593,39,95.5372272727273
4,1.78239442824074,59,95.5584818181818
4,2.35107043171296,78,95.5177
4,2.94600754282408,98,95.4435727272727
4,3.50694948842593,117,95.3952909090909
4,4.06404941203704,136,95.3609363636364
4,4.64529123495371,156,95.2788090909091
4,5.19497106597223,175,95.2005181818182
4,5.77225791550926,195,95.0853818181818
4,6.31737850115741,214,95.0082909090909
4,6.88810528240741,234,94.9100272727273
4,7.43000584490741,253,94.847
4,7.9713074525463,272,94.7615272727273
4,8.53888822222222,292,94.6588181818182
4,9.07771507638889,311,94.5533909090909
4,9.64101980092593,331,94.4244636363636
4,10.1756812835648,350,94.3262
4,10.7377317395833,370,94.1964272727273
4,11.2753468055556,389,94.0439090909091
4,11.8122855231481,408,93.9519363636364
4,12.3785400023148,428,93.8225727272727
4,12.9170242951389,447,93.7067454545455
4,13.4814911238426,467,93.5078272727273
4,14.0197364270833,486,93.4007272727273
4,14.5825545439815,506,93.1765818181818
4,15.1125335289352,525,92.9701636363636
4,15.6416185648148,544,92.7309090909091
4,16.1941883900463,564,92.4717727272727
4,16.7192482696759,583,92.1551
4,17.2713980648148,603,91.7164272727273
4,17.7919373055556,622,91.2605545454545
4,18.338616375,642,90.5875345454545
4,18.8552532037037,661,89.8196263636364
4,19.3684546273148,680,88.7964418181818
4,19.8964717268519,700,87.3938418181818
4,20.3848795833333,719,85.8869227272727
4,20.8894652222222,739,83.99926
4,21.3616232673611,758,82.0506327272727
4,21.8345990451389,777,80.00026
5,0.518476856481481,17,94.8770818181818
5,0.990692481481481,33,94.9439363636364
5,1.4907090775463,50,94.9052181818182
5,1.96023888657407,66,94.9229181818182
5,2.42705531134259,82,94.8567363636364
5,2.92047125115741,99,94.8304909090909
5,3.38212481597222,115,94.7721636363636
5,3.8713482488426,132,94.7316909090909
5,4.3289435625,148,94.6572818181818
5,4.78341523263889,164,94.5980545454545
5,5.26569022800926,181,94.5379909090909
5,5.71904642476852,197,94.4662636363636
5,6.19929317592593,214,94.3924272727273
5,6.64886603703704,230,94.3301636363636
5,7.09868978935186,246,94.2815090909091
5,7.57761390162038,263,94.2097545454545
5,8.02885252083334,279,94.1352454545454
5,8.5083494988426,296,94.0723181818182
5,8.95897265162038,312,93.9744727272727
5,9.40838147569445,328,93.8747545454545
5,9.88399155208334,345,93.7924272727273
5,10.3337451076389,361,93.6919909090909
5,10.8128568761574,378,93.5930454545455
5,11.267154568287,394,93.4570636363636
5,11.7217211712963,410,93.3460454545454
5,12.2058962453704,427,93.2083363636363
5,12.6620899837963,443,93.0882818181818
5,13.1454708877315,460,92.9105272727273
5,13.60171884375,476,92.7166545454545
5,14.0577068356482,492,92.5333727272727
5,14.5393892048611,509,92.2157909090909
5,14.9896172233796,525,91.9008272727273
5,15.4690116956019,542,91.4381181818182
5,15.9235860196759,558,90.9691636363636
5,16.3809458449074,574,90.3499672727273
5,16.8744423252315,591,89.3961190909091
5,17.335176693287,607,88.1493745454545
5,17.8214003576389,624,86.3599236363636
5,18.2750507777778,640,83.8929527272727
5,18.7246303298611,656,80.2465190909091
6,0.684820499999999,23,94.6172272727273
6,1.35927119791667,46,94.6421272727273
6,2.03069299074074,69,94.6527909090909
6,2.69720355324074,92,94.5731727272727
6,3.35867752777778,115,94.5241454545454
6,3.98767537847222,137,94.4310363636363
6,4.63847978703704,160,94.3470181818182
6,5.28587997685186,183,94.2719727272727
6,5.93124436921297,206,94.1796909090909
6,6.57131553703705,229,94.0859545454545
6,7.20901522337963,252,93.9947818181818
6,7.8188983275463,274,93.9123545454545
6,8.45472889120371,297,93.8476909090909
6,9.08815390740742,320,93.7329636363636
6,9.71689603356483,343,93.6159090909091
6,10.3457518101852,366,93.5317636363636
6,10.9758775983796,389,93.4298818181818
6,11.5789042326389,411,93.3035090909091
6,12.2106817256945,434,93.2114636363636
6,12.8435036724537,457,93.1548454545455
6,13.4725238194444,480,92.9811727272727
6,14.104779943287,503,92.9160090909091
6,14.7045885763889,525,92.7715727272727
6,15.3266005509259,548,92.6232636363636
6,15.9473061122685,571,92.4958
6,16.5650531631944,594,92.3283181818182
6,17.1864765601852,617,92.1815090909091
6,17.8030442939815,640,92.0095363636364
6,18.3929095439815,662,91.7822090909091
6,19.0077213206018,685,91.6168545454545
6,19.6162166435185,708,91.3089909090909
6,20.2115670543981,731,90.9164363636364
6,20.7999540625,754,90.4906445454545
6,21.3874265462963,777,89.89838
6,21.9443462037037,799,89.1489545454545
6,22.5164792268518,822,88.0978490909091
6,23.077033724537,845,86.7208081818182
6,23.6252929236111,868,84.8822
6,24.163040119213,891,82.59071
6,24.6700121261574,913,80.0033590909091
7,0.543589811342593,18,94.4400181818182
7,1.07684864699074,36,94.4954272727273
7,1.58007645023148,53,94.4572818181818
7,2.11117954398148,71,94.4804727272727
7,2.63941391898148,89,94.4044909090909
7,3.13539446064815,106,94.3691545454545
7,3.65914819097222,124,94.2926090909091
7,4.17943989467593,142,94.224
7,4.66796259375,159,94.1666818181818
7,5.1828083125,177,94.1019363636364
7,5.6972669363426,195,94.0174636363636
7,6.1798522488426,212,93.9377454545454
7,6.68775303125001,230,93.8637818181818
7,7.19466076620371,248,93.774
7,7.67344969328704,265,93.7118272727273
7,8.17964658564816,283,93.6183272727273
7,8.68364837847223,301,93.5180727272727
7,9.1596173414352,318,93.4369909090909
7,9.65975170833334,336,93.3156090909091
7,10.1325286423611,353,93.2503545454545
7,10.6325457418982,371,93.1170454545454
7,11.1357932037037,389,93.0033363636364
7,11.6103861875,406,92.8737272727273
7,12.1140109722222,424,92.7536909090909
7,12.6182083032408,442,92.6183909090909
7,13.0934149386574,459,92.4756
7,13.5960113715278,477,92.2526363636364
7,14.0978744305556,495,92.0431181818182
7,14.5683903194445,512,91.7497454545454
7,15.0615192407407,530,91.4313
7,15.5520235196759,548,90.9975545454545
7,16.014236599537,565,90.6095827272727
7,16.5016999305555,583,90.01701
7,16.9919612951389,601,89.3395654545455
7,17.4514680289352,618,88.4825372727273
7,17.93727053125,636,87.4869118181818
7,18.4207952546296,654,86.1131818181818
7,18.8723383472222,671,84.5575281818182
7,19.350691662037,689,82.4866027272727
7,19.8014425439815,706,80.0701163636364
8,0.452045077546296,14,95.9416818181818
8,0.85794006712963,27,96.0203272727273
8,1.26242888888889,40,96.0077545454545
8,1.66607813773148,53,96.0126181818182
8,2.10003505787037,67,96.0168272727273
8,2.50301192824074,80,95.9602636363636
8,2.90582523611111,93,95.9617909090909
8,3.30854073958334,106,95.9291454545454
8,3.7430585,120,95.9060272727273
8,4.14669744212963,133,95.8772181818182
8,4.55028663078704,146,95.8309636363636
8,4.95380542476852,159,95.8153909090909
8,5.35749392824074,172,95.7648181818182
8,5.79301747222222,186,95.7238909090909
8,6.19762705439815,199,95.6721
8,6.60195489930556,212,95.6192272727273
8,7.00692345486111,225,95.5649181818182
8,7.44313259027778,239,95.5125818181818
8,7.84802534259259,252,95.4189090909091
8,8.25302546064815,265,95.3652545454545
8,8.65791950462963,278,95.2871272727273
8,9.06309717824074,291,95.1928090909091
8,9.49935920949074,305,95.0954818181818
8,9.90446533796296,318,94.9864090909091
8,10.3095889513889,331,94.8536363636364
8,10.7151001377315,344,94.6993090909091
8,11.1525795162037,358,94.5211
8,11.5594931909722,371,94.3209363636363
8,11.9651468773148,384,94.1154181818182
8,12.3709023240741,397,93.8330363636364
8,12.7769943645833,410,93.5515090909091
8,13.2141529097222,424,93.1575727272727
8,13.624275994213,437,92.7059545454545
8,14.0349592685185,450,92.1732636363636
8,14.4492475266204,463,91.3745272727273
8,14.8953365162037,477,90.2265309090909
8,15.3065785393519,490,88.82683
8,15.7189029212963,503,86.8272027272727
8,16.1227091956019,516,83.9504654545454
8,16.5187462002315,529,80.273
9,0.552247427083333,17,95.6763818181818
9,1.0969357349537,34,95.7377727272727
9,1.63896388425926,51,95.7258272727273
9,2.17974440856481,68,95.7366545454545
9,2.71878013310185,85,95.7103272727273
9,3.25602661689815,102,95.6632
9,3.79297562847222,119,95.6206818181818
9,4.32814734375,136,95.5560818181818
9,4.86239689814814,153,95.5077181818182
9,5.39576790972222,170,95.4423181818182
9,5.92801263773147,187,95.3704727272727
9,6.45884010069443,204,95.3198
9,6.98885720717591,221,95.2174636363636
9,7.48646994907406,237,95.1565
9,8.01475514583333,254,95.0642818181818
9,8.54169396875,271,94.9748818181818
9,9.06768422569444,288,94.8737545454545
9,9.59264941898148,305,94.7716363636364
9,10.1169453402778,322,94.6579090909091
9,10.640606349537,339,94.5125727272727
9,11.1640904768519,356,94.3429909090909
9,11.6864351643518,373,94.1436727272727
9,12.2067327673611,390,93.9606363636364
9,12.7255909479167,407,93.7255272727273
9,13.2409683576389,424,93.5063181818182
9,13.7550706111111,441,93.2394272727273
9,14.2356611990741,457,93.0055454545454
9,14.7449015925926,474,92.6935090909091
9,15.2505595833333,491,92.3333272727273
9,15.7539170208333,508,91.9179636363636
9,16.2516469293981,525,91.5068636363636
9,16.7464936539352,542,90.9305090909091
9,17.2363530138889,559,90.2693381818182
9,17.7213208043982,576,89.3962981818182
9,18.1984352939815,593,88.3936127272727
9,18.6693175011574,610,87.1339436363636
9,19.1321892013889,627,85.7337118181818
9,19.5899517696759,644,84.0565018181818
9,20.0491221180555,661,82.0987818181818
9,20.4899544664352,677,80.0144127272727
10,0.400819773148148,12,96.4861090909091
10,0.766568953703704,23,96.5578
10,1.13132337268519,34,96.5672363636364
10,1.49553938888889,45,96.5413090909091
10,1.8590525162037,56,96.5415909090909
10,2.22170159837963,67,96.5053090909091
10,2.58443410763889,78,96.4450272727273
10,2.94636150578704,89,96.4282636363636
10,3.30782646527778,100,96.3935545454545
10,3.66930305092593,111,96.3449909090909
10,4.03028889930555,122,96.3113
10,4.39135507523148,133,96.2531818181818
10,4.75262596527778,144,96.2156454545454
10,5.11397885532407,155,96.1656818181818
10,5.4753977962963,166,96.0956818181818
10,5.83674588310185,177,96.0358090909091
10,6.19800909259259,188,95.9426909090909
10,6.558623375,199,95.8765727272727
10,6.91952099652778,210,95.7816909090909
10,7.28120012037037,221,95.6987818181818
10,7.67535014351852,233,95.5743636363636
10,8.03704008101852,244,95.4530636363636
10,8.39853940046297,255,95.3256454545454
10,8.76003650115741,266,95.1763727272727
10,9.12180075000001,277,95.0054272727273
10,9.48315301041667,288,94.8252363636363
10,9.84448017476853,299,94.6272
10,10.2055173576389,310,94.3801090909091
10,10.5661517013889,321,94.0828090909091
10,10.9270034849537,332,93.7484090909091
10,11.288474875,343,93.3175272727273
10,11.6511969965278,354,92.8355636363636
10,12.0167424490741,365,92.2977727272727
10,12.3874313738426,376,91.5164090909091
10,12.7574046712963,387,90.4554290909091
10,13.1253068206019,398,89.1253081818182
10,13.4992489305556,409,87.3060281818182
10,13.8690890034722,420,84.9431045454545
10,14.2287845150463,431,82.5127145454545
10,14.5875614050926,442,80.0742881818182
11,0.724355788194444,22,96.8564272727273
11,1.44216285763889,44,96.8646454545454
11,2.15805209490741,66,96.8719181818182
11,2.87089721527778,88,96.8325636363636
11,3.54905851388889,109,96.7669727272727
11,4.25680845486111,131,96.7276636363636
11,4.96010280902778,153,96.6664636363636
11,5.66114198842593,175,96.5924545454545
11,6.36016179745371,197,96.5246363636364
11,7.0242802488426,218,96.4422363636363
11,7.71825441435185,240,96.3584272727273
11,8.41160226967592,262,96.3115545454545
11,9.10340453356482,284,96.2167909090909
11,9.79439392361111,306,96.1312909090909
11,10.4541882476852,327,96.0531636363636
11,11.1463784502315,349,95.9315909090909
11,11.8401787893519,371,95.8367454545455
11,12.5337402060185,393,95.7161181818182
11,13.2260851354167,415,95.6255090909091
11,13.8856356527778,436,95.5463636363636
11,14.5741220046296,458,95.3878181818182
11,15.2597319143519,480,95.2315727272727
11,15.9450907974537,502,95.1227272727273
11,16.6282379363426,524,94.9236181818182
11,17.2798202037037,545,94.7601727272727
11,17.9608711203704,567,94.5866545454545
11,18.6402931666667,589,94.3441818181818
11,19.3165615046296,611,94.1349272727273
11,19.9882233541667,633,93.8811818181818
11,20.6219935092593,654,93.6270181818182
11,21.2848285335649,676,93.2738636363636
11,21.9446508472223,698,92.8298454545454
11,22.6012891296297,720,92.238
11,23.251859775463,742,91.5352181818182
11,23.8665118842593,763,90.6693172727273
11,24.5033948425926,785,89.4583681818182
11,25.1302402372686,807,87.8232281818182
11,25.7462996145834,829,85.6011563636363
11,26.3566633969908,851,82.8389254545455
11,26.9392555601852,872,80.0684363636364
12,0.722076115740741,22,96.5889181818182
12,1.43601907638889,44,96.6006
12,2.11454089351852,65,96.6019181818182
12,2.82320062962963,87,96.5659181818182
12,3.49819303240741,108,96.5276727272727
12,4.20374329166667,130,96.4988363636364
12,4.90757764583333,152,96.4551181818182
12,5.57877884143518,173,96.3810181818182
12,6.27996141666666,195,96.3226636363636
12,6.9482887662037,216,96.2702272727273
12,7.64700752430555,238,96.1844363636364
12,8.31293227893517,259,96.1172363636364
12,9.00983265972221,281,96.0282636363636
12,9.70537763310184,303,95.9286727272727
12,10.3683082326389,324,95.8482545454545
12,11.0620829988426,346,95.7137545454545
12,11.7245039780092,367,95.5957181818182
12,12.4167566712963,389,95.4685454545454
12,13.0763943715278,410,95.3991181818182
12,13.7666890462963,432,95.2545272727273
12,14.4539576354167,454,95.1117090909091
12,15.108357318287,475,94.9804818181818
12,15.7926347708333,497,94.8211636363636
12,16.4430931168981,518,94.6514636363636
12,17.1236614548611,540,94.4745363636363
12,17.7718759131944,561,94.2633
12,18.4479754861111,583,94.0010545454545
12,19.1203441331018,605,93.7950818181818
12,19.7591456053241,626,93.5594818181818
12,20.423642875,648,93.3307090909091
12,21.0544862476852,669,92.9845636363636
12,21.7125372476852,691,92.5867090909091
12,22.3382800787037,712,92.0695
12,22.988450480324,734,91.4232363636364
12,23.6313270590278,756,90.59408
12,24.2363736215278,777,89.5612836363636
12,24.8628239016203,799,88.0080945454545
12,25.4540551192129,820,85.8402527272727
12,26.0655945671296,842,82.93549
12,26.6390642523148,863,80.0789863636364
13,0.698740563657407,21,96.5040818181818
13,1.35459799421296,41,96.5112909090909
13,2.03824860648148,62,96.5360363636364
13,2.68571814699074,82,96.4716454545455
13,3.36240823726852,103,96.4324909090909
13,4.00432236574074,123,96.4008090909091
13,4.67697973263889,144,96.3518
13,5.31561278240741,164,96.3087090909091
13,5.98478780555556,185,96.2442909090909
13,6.62095146527778,205,96.1929090909091
13,7.2563546087963,225,96.1275727272727
13,7.92243715162037,246,96.0482363636364
13,8.55550062847223,266,95.9834545454545
13,9.21920141435185,287,95.8938272727273
13,9.85010008796296,307,95.8185181818182
13,10.5116608449074,328,95.7220454545454
13,11.1412700578704,348,95.5849636363636
13,11.8020628935185,369,95.4841181818182
13,12.4302555763889,389,95.3622363636364
13,13.0566628865741,409,95.2829090909091
13,13.714294287037,430,95.1377727272727
13,14.3380146469907,450,95.0329636363636
13,14.9924502974537,471,94.8998818181818
13,15.6151035451389,491,94.7117727272727
13,16.2656574189815,512,94.5558545454545
13,16.8839922395833,532,94.3663636363636
13,17.5315619131944,553,94.1162
13,18.1455931967593,573,93.8946727272727
13,18.7879645833333,594,93.6091909090909
13,19.39491659375,614,93.3250090909091
13,19.9982994178241,634,92.9834181818182
13,20.625982849537,655,92.5923
13,21.2204808472222,675,92.0941818181818
13,21.8410837233796,696,91.4419272727273
13,22.4311957453704,716,90.6084563636364
13,23.0455381886574,737,89.4382654545454
13,23.6229499641204,757,87.94363
13,24.2215712222222,778,85.8567245454545
13,24.7891705231481,798,83.1465827272727
13,25.3488338900463,818,80.0840418181818
14,0.682642728009259,20,97.2592181818182
14,1.32218990625,39,97.3177
14,1.95757763425926,58,97.3500636363636
14,2.62262864930556,78,97.3146545454545
14,3.25112498958333,97,97.3195272727273
14,3.87763975925926,116,97.2897545454545
14,4.50169367013889,135,97.2387363636364
14,5.15685246412037,155,97.2065272727273
14,5.77770796296296,174,97.1404636363636
14,6.39745398032407,193,97.1000636363636
14,7.04864530208333,213,97.0094545454545
14,7.66590621990741,232,96.9492636363636
14,8.28201006712963,251,96.8760272727273
14,8.89677535300927,270,96.7848636363636
14,9.54301683564816,290,96.6956909090909
14,10.1562721678241,309,96.6094272727273
14,10.768703962963,328,96.4861636363636
14,11.3818643784722,347,96.3674272727273
14,12.0267584039352,367,96.2750454545454
14,12.6389002210648,386,96.1632272727273
14,13.2488993657408,405,96.0388181818182
14,13.8902353854167,425,95.9388090909091
14,14.49724775,444,95.7523272727273
14,15.1027145868056,463,95.6151454545455
14,15.7078567175926,482,95.4336272727273
14,16.3409531678241,502,95.2561909090909
14,16.9413802418982,521,95.0487545454545
14,17.5397521770833,540,94.7614727272727
14,18.1347212175926,559,94.4815909090909
14,18.7586817256944,579,94.1174181818182
14,19.3458540694444,598,93.7545727272727
14,19.9294120358796,617,93.2978090909091
14,20.5396466388889,637,92.7721454545455
14,21.1180672986111,656,92.0640545454545
14,21.6937381435185,675,91.1758818181818
14,22.2671635185185,694,89.9814581818182
14,22.8678959907407,714,88.3214309090909
14,23.4370927314815,733,86.1808009090909
14,23.9986995555556,752,83.32265
14,24.5441904305556,771,80.1180009090909
15,0.541846798611111,16,96.6967090909091
15,1.04438881944444,31,96.7615545454545
15,1.5451828599537,46,96.7382818181818
15,2.04356051967593,61,96.7564
15,2.53993803703704,76,96.7220545454545
15,3.06801046875,92,96.7162454545455
15,3.56190869328704,107,96.6670909090909
15,4.05499005787037,122,96.6578636363636
15,4.54705417361111,137,96.6158636363636
15,5.03799063425926,152,96.5833727272727
15,5.52871549537037,167,96.5333545454545
15,6.05147021296296,183,96.4765363636364
15,6.54088134837963,198,96.4388272727273
15,7.02938334490741,213,96.3709181818182
15,7.51706429050926,228,96.3261909090909
15,8.00430969675926,243,96.2468636363636
15,8.49084069328704,258,96.1851727272727
15,9.00947878819445,274,96.0969181818182
15,9.49473275,289,96.0167363636364
15,9.97943944791667,304,95.9241181818182
15,10.4637577708333,319,95.8133818181818
15,10.9479769027778,334,95.6754363636364
15,11.4650278773148,350,95.4984272727273
15,11.9484969710648,365,95.3914454545454
15,12.4312709756945,380,95.1974636363636
15,12.9126642256945,395,95.0627
15,13.3926094722222,410,94.8030636363636
15,13.8712909108796,425,94.5946272727273
15,14.378740119213,441,94.2696545454545
15,14.8558180671296,456,93.9537909090909
15,15.3359612986111,471,93.5186545454546
15,15.8182646585648,486,92.9786727272727
15,16.295698212963,501,92.2748181818182
15,16.7702925914352,516,91.3711
15,17.2722495196759,532,90.2436209090909
15,17.7406927962963,547,88.9336845454545
15,18.2071214155093,562,87.3462072727273
15,18.6751342997685,577,85.1608354545454
15,19.1325021226852,592,82.6207454545454
15,19.5791269131945,607,80.1360663636363
16,0.569543618055556,17,96.8338727272727
16,1.13329362731482,34,96.8945272727273
16,1.69504623148148,51,96.8954
16,2.25432978472222,68,96.8722818181818
16,2.81260288773148,85,96.8552818181818
16,3.36927068287037,102,96.7981363636364
16,3.92522436921296,119,96.7701909090909
16,4.44791424884259,135,96.7245818181818
16,5.00158468055556,152,96.6844545454545
16,5.55423133796296,169,96.6203545454545
16,6.10634259490741,186,96.5551454545454
16,6.65718998611111,203,96.4842090909091
16,7.20760473842592,220,96.4222909090909
16,7.75734531481481,237,96.3513272727273
16,8.30634429398148,254,96.2742090909091
16,8.8221777986111,270,96.1845818181818
16,9.36907317708333,287,96.0953636363636
16,9.91461180671296,304,96.0038727272727
16,10.4597633009259,321,95.8817
16,11.0054348043981,338,95.7576181818182
16,11.5517914652778,355,95.6249
16,12.0966088425926,372,95.4993272727273
16,12.6410474050926,389,95.3355363636364
16,13.1507651921296,405,95.1988454545454
16,13.692155412037,422,94.9988818181818
16,14.2297665069444,439,94.8320636363636
16,14.7665152210648,456,94.6111454545455
16,15.3009239907407,473,94.3269727272727
16,15.8340378472222,490,94.0465090909091
16,16.3630667592593,507,93.6896545454545
16,16.8929793587963,524,93.2760363636364
16,17.3922720497685,540,92.7714363636364
16,17.9221790601852,557,92.1465454545454
16,18.4478587569444,574,91.2593818181818
16,18.9678335092593,591,90.2197363636364
16,19.4800732824074,608,88.9440936363636
16,19.9870716284722,625,87.2310945454545
16,20.4892187164352,642,85.0080627272727
16,20.9775889594908,659,82.4762418181818
16,21.4288288946759,675,80.0893845454545
17,0.738986271990741,23,96.3395727272727
17,1.47003364930556,46,96.3314727272727
17,2.19617750578704,69,96.3188181818182
17,2.88595708680556,91,96.2699545454545
17,3.60286475578704,114,96.1921727272727
17,4.31398124074074,137,96.1219636363636
17,5.02099531481481,160,96.0467363636364
17,5.69393383912037,182,95.9630272727273
17,6.39437005324073,205,95.9026909090909
17,7.09014698032406,228,95.7776545454545
17,7.75217914930554,250,95.6975181818182
17,8.44258817708332,273,95.6226545454545
17,9.13112758564814,296,95.5247090909091
17,9.81721074999999,319,95.4083636363636
17,10.471942119213,341,95.3175363636363
17,11.1557727708333,364,95.1851727272727
17,11.8387725763889,387,95.0902818181818
17,12.520821974537,410,94.9604818181818
17,13.1709259155093,432,94.8620636363636
17,13.8497734236111,455,94.7882181818182
17,14.5265368078704,478,94.6001818181818
17,15.1718646782408,500,94.467
17,15.8442911550926,523,94.3415272727272
17,16.5136783645833,546,94.1606363636364
17,17.1821970601852,569,94.0016909090909
17,17.8199672291667,591,93.8417454545454
17,18.4846003553241,614,93.6062636363636
17,19.1469734363426,637,93.4386454545455
17,19.8050128530093,660,93.1801454545455
17,20.4281085347222,682,92.9365454545455
17,21.0754270752315,705,92.5581272727272
17,21.7202149444444,728,92.1446636363636
17,22.3368145208333,750,91.6099636363636
17,22.9814338460648,773,90.9338727272727
17,23.6194450740741,796,90.0377036363636
17,24.2497794988426,819,88.9085854545455
17,24.8447431840278,841,87.3591190909091
17,25.454615212963,864,85.1283236363636
17,26.0475730833333,887,82.6911709090909
17,26.6028850196759,909,80.0763909090909
18,0.636690864583333,21,94.7310636363636
18,1.26638350925926,42,94.7229181818182
18,1.89414917824074,63,94.7531272727273
18,2.49112615046296,83,94.6548545454545
18,3.11522458101852,104,94.6150363636363
18,3.7371019212963,125,94.5311090909091
18,4.32557943402778,145,94.4283363636363
18,4.9400259224537,166,94.3524181818182
18,5.55225918981481,187,94.2512636363636
18,6.13378374537036,207,94.1664545454545
18,6.74323827199073,228,94.0893363636363
18,7.35145073842591,249,94.0009181818182
18,7.92916855324073,269,93.8847090909091
18,8.53478860879629,290,93.7941181818182
18,9.1383144236111,311,93.6803090909091
18,9.71162996527777,331,93.5720272727273
18,10.3127200474537,352,93.4420272727273
18,10.912258349537,373,93.2938909090909
18,11.4826065,393,93.1388909090909
18,12.0814310069444,414,93.0148363636363
18,12.6798381145833,435,92.8507090909091
18,13.247383005787,455,92.6779727272727
18,13.8413677743055,476,92.5345
18,14.4328727361111,497,92.3208090909091
18,14.9943990659722,517,92.1696
18,15.5804265590278,538,91.9490909090909
18,16.1637886412037,559,91.7655363636364
18,16.7170233252315,579,91.5545454545455
18,17.2968596273148,600,91.3124636363636
18,17.8750734895833,621,91.0972272727273
18,18.4232038969907,641,90.7834172727273
18,18.9961524317129,662,90.5079518181818
18,19.5648871956018,683,90.0846772727273
18,20.1000399212963,703,89.6064418181818
18,20.6555144456018,724,88.9483963636364
18,21.2065921724537,745,87.9831209090909
18,21.72781115625,765,86.5941154545454
18,22.2676108368055,786,84.6051518181818
18,22.7950780960648,807,82.3445536363636
18,23.2889541354166,827,80.1002490909091
19,0.685580489583333,23,95.8177
19,1.36058572685185,46,95.7798181818182
19,2.00349597106482,68,95.7792272727273
19,2.6724371712963,91,95.6744636363636
19,3.33797049768519,114,95.6317363636364
19,3.97037582523148,136,95.5494454545454
19,4.62679732291667,159,95.4528636363636
19,5.27985745833334,182,95.3741090909091
19,5.90170684606482,204,95.2926363636363
19,6.54913550810186,227,95.2105181818182
19,7.19364798495371,250,95.1037
19,7.80808667245371,272,95.0198
19,8.44855835995371,295,94.9471454545454
19,9.0870442488426,318,94.8405727272727
19,9.69574832175926,340,94.7365727272727
19,10.3308533275463,363,94.6422454545454
19,10.9649529907407,386,94.5191636363636
19,11.5710756053241,408,94.3802454545454
19,12.2052135613426,431,94.2748
19,12.810965431713,453,94.1649363636364
19,13.4422566076389,476,93.9759090909091
19,14.0738418136574,499,93.9019272727273
19,14.6760058472222,521,93.7390090909091
19,15.3021831921296,544,93.5472363636364
19,15.926336568287,567,93.3934363636364
19,16.5207277280093,589,93.1899363636364
19,17.1427622893519,612,92.9930727272727
19,17.7634499247685,635,92.7513272727273
19,18.3551636585648,657,92.4727363636364
19,18.9718936736111,680,92.2208272727273
19,19.5836895925926,703,91.9013545454545
19,20.1624961643519,725,91.5339636363636
19,20.7603184513889,748,91.1005272727273
19,21.3555629872685,771,90.5297836363636
19,21.9209985185185,793,89.7574536363636
19,22.5057352430555,816,88.6022609090909
19,23.0807216412037,839,87.0413890909091
19,23.6207909201389,861,85.1377245454545
19,24.1817224641204,884,82.67951
19,24.7238376886574,906,80.0208445454545
20,0.750207784722222,25,95.7019363636363
20,1.48953049074074,50,95.6447090909091
20,2.22543673148148,75,95.6260090909091
20,2.95667393287037,100,95.5706090909091
20,3.65622198032408,124,95.4877363636364
20,4.37985700231482,149,95.4096090909091
20,5.09880014814815,174,95.3529727272727
20,5.81429750925926,199,95.2635909090909
20,6.49777735763889,223,95.1928181818182
20,7.20668271064815,248,95.0812272727273
20,7.91287825694445,273,94.9954636363636
20,8.61652921412037,298,94.9008818181818
20,9.3177431412037,323,94.7955090909091
20,9.98862581018519,347,94.7080727272727
20,10.6858137256944,372,94.5743909090909
20,11.3822266296296,397,94.4336545454545
20,12.0788536574074,422,94.3612909090909
20,12.7473670428241,446,94.2546909090909
20,13.4418790358796,471,94.0990545454545
20,14.1362033877315,496,94.0285727272727
20,14.8279397951389,521,93.9016909090909
20,15.5164118125,546,93.7147
20,16.1753883796296,570,93.6112909090909
20,16.8605425046296,595,93.4529090909091
20,17.5449797361111,620,93.2631090909091
20,18.2283406099537,645,93.0958454545454
20,18.8828541342593,669,92.9393545454545
20,19.5613863854167,694,92.7096727272727
20,20.2328099178241,719,92.4422181818182
20,20.8980880462963,744,92.1368909090909
20,21.56183778125,769,91.7648090909091
20,22.1968430648148,793,91.2943818181818
20,22.85633215625,818,90.81012
20,23.513217724537,843,90.0928
20,24.1674973148148,868,89.1719136363636
20,24.7905322175926,892,88.0696827272727
20,25.4325062581018,917,86.6142027272727
20,26.0663278159722,942,84.8165427272727
20,26.6839448715278,967,82.6003927272727
20,27.2680566111111,991,80.0674718181818
21,0.570614303240741,19,95.1327727272727
21,1.13139585300926,38,95.1186727272727
21,1.68679556018519,57,95.0467181818182
21,2.21128256828704,75,94.9924454545454
21,2.76135722685185,94,94.8910818181818
21,3.30900250347222,113,94.8152727272727
21,3.8249302962963,131,94.7216
21,4.36523545023149,150,94.5916
21,4.90281683912038,169,94.5166090909091
21,5.40998882060186,187,94.4084545454545
21,5.94317627314815,206,94.2971363636363
21,6.47357539467593,225,94.2014636363636
21,6.97348484143519,243,94.0839909090909
21,7.49919634375,262,93.9880727272727
21,8.02342375810186,281,93.8689636363636
21,8.51841474652778,299,93.7712909090909
21,9.03934765740741,318,93.6407727272727
21,9.55887199074075,337,93.5142454545454
21,10.0496494861111,355,93.3869090909091
21,10.5661851921296,374,93.2276272727272
21,11.0822567465278,393,93.0272454545454
21,11.5700544444445,411,92.8209818181818
21,12.0848189467593,430,92.6451272727273
21,12.5984615972222,449,92.4044727272727
21,13.0831613171297,467,92.2092090909091
21,13.5931298819445,486,91.9025454545454
21,14.101932337963,505,91.6694181818182
21,14.5815657731482,523,91.3475
21,15.0850110590278,542,91.0015363636364
21,15.5857877708334,561,90.5557545454545
21,16.055754332176,579,90.1611772727273
21,16.5482438125,598,89.63114
21,17.0383705555556,617,89.0391090909091
21,17.4986369560186,635,88.2994645454545
21,17.9794716990741,654,87.4803009090909
21,18.4542065856482,673,86.3942772727273
21,18.8981116377315,691,85.2720518181818
21,19.3619223333334,710,83.8694518181818
21,19.8247079560186,729,82.1145936363636
21,20.2664839247686,747,80.0942563636364
22,0.648068502314815,20,96.2539818181818
22,1.25625121875,39,96.3055727272727
22,1.86224626041667,58,96.3266181818182
22,2.4973690474537,78,96.2818090909091
22,3.09804715625,97,96.2669181818182
22,3.69772341782407,116,96.2065818181818
22,4.3265909837963,136,96.1657181818182
22,4.92055251041667,155,96.1143818181818
22,5.51277977893519,174,96.0471
22,6.13549164236111,194,95.9859181818182
22,6.72474049768518,213,95.9253545454545
22,7.31098858333333,232,95.8494727272727
22,7.92863332638888,252,95.7860727272727
22,8.51474959722221,271,95.7255545454545
22,9.10082558796296,290,95.6411272727273
22,9.7170207685185,310,95.5563090909091
22,10.3027428483796,329,95.4675545454545
22,10.8889696435185,348,95.3580545454545
22,11.5077556099537,368,95.2173272727273
22,12.0955863275463,387,95.1149454545454
22,12.6831028113426,406,94.9831090909091
22,13.2990109456018,426,94.8243545454545
22,13.8829939525463,445,94.7230727272727
22,14.4641534780092,464,94.5285909090909
22,15.0732001400463,484,94.3686727272727
22,15.6513150821759,503,94.1560454545454
22,16.2262802407407,522,93.9906363636364
22,16.8304999479166,542,93.7356272727273
22,17.4023988611111,561,93.4169818181818
22,17.9718565486111,580,93.0991818181818
22,18.568582255787,600,92.6482272727273
22,19.1300203738426,619,92.2104363636363
22,19.685716980324,638,91.6976363636364
22,20.2624124606481,658,91.0547818181818
22,20.8007221331018,677,90.33493
22,21.3344144282407,696,89.3187472727273
22,21.8876078194444,716,87.7366009090909
22,22.4046468287037,735,85.6013245454545
22,22.9157762118055,754,82.9939081818182
22,23.4333462048611,773,80.0826227272727
23,0.535215462962963,17,95.7317545454545
23,1.05398555555556,34,95.7202909090909
23,1.56928025925926,51,95.6500363636363
23,2.08323207986111,68,95.6578545454545
23,2.56441292361111,84,95.5587818181818
23,3.07217853703704,101,95.5315181818182
23,3.57809740046297,118,95.4604909090909
23,4.08103754745371,135,95.4043636363636
23,4.55346382060186,151,95.3660636363636
23,5.0548226400463,168,95.3087818181818
23,5.55551152777778,185,95.2296363636363
23,6.05519000462963,202,95.1688909090909
23,6.55300582060186,219,95.1047454545455
23,7.01980615740741,235,95.0155909090909
23,7.51410535763889,252,94.9332818181818
23,8.00612727662037,269,94.7263636363636
23,8.49664106134259,286,94.7614363636364
23,8.95845003472222,302,94.6640090909091
23,9.44922059490741,319,94.5586545454545
23,9.93953650578703,336,94.4653090909091
23,10.4300186226852,353,94.3558545454545
23,10.9215640023148,370,94.2283636363636
23,11.3851857939815,386,94.0747181818182
23,11.8789853993056,403,93.9733363636363
23,12.3730095532407,420,93.6943636363636
23,12.8672876805556,437,93.6767090909091
23,13.3307773136574,453,93.4859727272727
23,13.8242578553241,470,93.3484727272727
23,14.3153844965278,487,93.099
23,14.8063134652778,504,92.8697545454545
23,15.2942771527778,521,92.5316454545454
23,15.7532216076389,537,92.2109363636364
23,16.2387684895833,554,91.8258727272727
23,16.7323235451389,571,91.2959272727273
23,17.2337582395833,588,90.4894909090909
23,17.7093180868056,604,89.3785136363636
23,18.2083539571759,621,87.7655909090909
23,18.6979300439815,638,85.6796718181818
23,19.1744982407407,655,83.0798309090909
23,19.6125082326389,671,80.0688054545454
24,0.784612994212963,26,95.5973545454545
24,1.55996364930556,52,95.5505727272727
24,2.33199304861111,78,95.5438727272727
24,3.09931897916667,104,95.5028181818182
24,3.86275214467592,130,95.4292818181818
24,4.6217958275463,156,95.3570727272727
24,5.37618364930556,182,95.2805090909091
24,6.12831289699074,208,95.2017272727273
24,6.87718693287037,234,95.1228909090909
24,7.62305466666667,260,95.0476909090909
24,8.3674609525463,286,94.9692727272727
24,9.1098313738426,312,94.8729363636364
24,9.85029269560186,338,94.7912363636364
24,10.5892911967593,364,94.6718090909091
24,11.3280579016204,390,94.5537454545454
24,12.0670479976852,416,94.4715818181818
24,12.8060510497685,442,94.3889545454546
24,13.5431261678241,468,94.2332636363636
24,14.2797809652778,494,94.1629545454545
24,14.9853431458334,519,94.0291545454545
24,15.7166095347223,545,93.8845181818182
24,16.4439496203704,571,93.7318454545455
24,17.1720393159723,597,93.6077090909091
24,17.8995190011574,623,93.4818454545454
24,18.6256071608797,649,93.2971818181818
24,19.3497457766204,675,93.1613272727273
24,20.0677388506945,701,92.9724454545454
24,20.7786319039352,727,92.7877
24,21.4887688402778,753,92.5912545454545
24,22.1990303148148,779,92.1980181818182
24,22.9084264201389,805,92.0344727272727
24,23.6146602939815,831,91.6568363636364
24,24.3171428912037,857,91.1633181818182
24,25.0159099120371,883,90.5672854545455
24,25.7081838553241,909,89.76544
24,26.3951398553241,935,88.7339436363636
24,27.0699318923611,961,87.2506990909091
24,27.7314921273149,987,85.0884972727273
24,28.3795631273149,1013,82.6139072727273
24,28.9942625069445,1038,80.0615490909091
25,0.750765159722223,25,95.3195090909091
25,1.48947114236111,50,95.2995545454545
25,2.22480910300926,75,95.2917454545454
25,2.92472951041667,99,95.2326909090909
25,3.64921388657408,124,95.0230454545455
25,4.36783593402778,149,95.0574636363636
25,5.05246517708334,173,94.9913818181818
25,5.7624086550926,198,94.8998818181818
25,6.46969486458333,223,94.8384272727273
25,7.14602974768519,247,94.7371909090909
25,7.8483793912037,272,94.6484272727272
25,8.54867249421296,297,94.5782363636364
25,9.24723441319444,322,94.4800272727273
25,9.91567865625,346,94.3871090909091
25,10.6109951909722,371,94.2808818181818
25,11.3062539270833,396,94.1407363636364
25,11.9742184699074,420,94.0642181818182
25,12.6705202523148,445,93.9502181818182
25,13.365294400463,470,93.7995363636363
25,14.0325532962963,494,93.7377454545454
25,14.7252877708333,519,93.5902727272727
25,15.4142501180556,544,93.3934636363636
25,16.1006713715278,569,93.2766090909091
25,16.7577274571759,593,93.1033909090909
25,17.4418562476852,618,92.8694
25,18.1240557465278,643,92.6817545454546
25,18.7761732349537,667,92.4346272727273
25,19.4522030324074,692,92.2218454545454
25,20.1205382083333,717,91.9426909090909
25,20.7556965127315,741,91.6973636363636
25,21.4154284467593,766,91.3863272727273
25,22.0730988368056,791,90.9555272727273
25,22.7270929016204,816,90.4281245454546
25,23.3502806226852,840,89.8317636363636
25,23.9919938356482,865,89.0998409090909
25,24.6242793229167,890,88.1507127272727
25,25.2238925983797,914,86.9771727272727
25,25.8351540335649,939,85.2638645454545
25,26.4358282685186,964,82.8798309090909
25,27.0081416365741,988,80.0045190909091
26,0.382168850694444,12,94.2730363636363
26,0.738396594907407,23,94.3640272727273
26,1.08849116319444,34,94.4268909090909
26,1.47254272685185,46,94.3710363636364
26,1.82459246180556,57,94.4067636363636
26,2.17782508449074,68,94.3935818181818
26,2.56004900462963,80,94.2154454545454
26,2.90731734953704,91,94.2551454545455
26,3.2575292650463,102,94.2593727272727
26,3.63901938888889,114,94.2301818181818
26,3.98905879976852,125,94.2007909090909
26,4.3364063912037,136,94.1474909090909
26,4.71737471875,148,94.1261363636363
26,5.05218350231481,159,93.8949727272727
26,5.39949353125,170,94.0066454545455
26,5.77490880439815,182,93.9222909090909
26,6.12187794675926,193,93.8429272727273
26,6.46702800694445,204,93.7727454545454
26,6.84607595601852,216,93.6913363636364
26,7.19108437152778,227,93.5423818181818
26,7.53550106481481,238,93.3738636363636
26,7.90527165625,250,93.1996
26,8.23519518981481,261,93.0943727272727
26,8.56466946412037,272,92.9741090909091
26,8.92242731481481,284,92.8063
26,9.26352952893518,295,92.7660363636364
26,9.60382495717592,306,92.5802090909091
26,9.97239957523148,318,92.2840727272727
26,10.3052034131944,329,92.1682636363636
26,10.6440325162037,340,91.8488272727273
26,11.0009465821759,352,91.4467272727273
26,11.3339256458333,363,91.2027
26,11.6720284722222,374,90.7464572727273
26,12.037937099537,386,90.2197418181818
26,12.3771491516204,397,89.5699481818182
26,12.7170117766204,408,88.6038436363636
26,13.0820772488426,420,87.24793
26,13.4171963136574,431,85.5367290909091
26,13.7545678912037,442,83.1681436363636
26,14.0926355856481,453,80.2754654545454
27,0.36741737037037,12,94.5171090909091
27,0.731612415509259,24,94.5441909090909
27,1.09317390393519,36,94.5682090909091
27,1.4554756875,48,94.5325363636363
27,1.81582889930556,60,94.5182363636363
27,2.17589935185185,72,94.4995909090909
27,2.53680791319444,84,94.4492181818182
27,2.89568069212963,96,94.4342181818182
27,3.25456431134259,108,94.4037636363636
27,3.58464661921296,119,94.3423363636364
27,3.94360979050926,131,94.3245909090909
27,4.30210985300926,143,94.2744545454545
27,4.66094330671296,155,94.2354454545455
27,5.01943666782407,167,94.1914727272727
27,5.37885277662037,179,94.1261909090909
27,5.73697721296296,191,94.0722636363636
27,6.09596768634259,203,94.0075909090909
27,6.45412745717593,215,93.9584636363636
27,6.81353046643519,227,93.8723090909091
27,7.14222934143519,238,93.7869181818182
27,7.50005682060186,250,93.7167
27,7.85824951273149,262,93.5832
27,8.21454476851853,274,93.4810727272727
27,8.56948701273149,286,93.3872
27,8.92483559027779,298,93.2514090909091
27,9.28090480208335,310,93.1066727272727
27,9.63457556365742,322,92.9370454545454
27,9.98804389930557,334,92.7586
27,10.3417274166667,346,92.5645272727273
27,10.6670167476852,357,92.3371
27,11.0224396180556,369,92.0249363636364
27,11.3813133900463,381,91.6470272727273
27,11.7436677395833,393,91.1945363636364
27,12.1111021435185,405,90.45136
27,12.4824390740741,417,89.5803627272727
27,12.8503571099537,429,88.37701
27,13.2128192905093,441,86.9853445454546
27,13.5736300092593,453,85.1092663636364
27,13.9284991759259,465,82.7451836363636
27,14.2523925648148,476,80.0041663636364
28,0.430983829861111,13,94.5732454545455
28,0.817093209490741,25,94.5946090909091
28,1.23201003356482,38,94.6349545454545
28,1.61474277199074,50,94.6092272727273
28,2.02700284490741,63,94.5922
28,2.40794551041667,75,94.5743727272727
28,2.81759277662037,88,94.5310363636364
28,3.19544424652778,100,94.5145363636364
28,3.60587717592593,113,94.4576363636364
28,3.98347410532408,125,94.4281181818182
28,4.39147528819445,138,94.3610090909091
28,4.76856075,150,94.3294545454546
28,5.17493336574074,163,94.2705090909091
28,5.55049194212963,175,94.1764636363636
28,5.95770050694445,188,94.1194909090909
28,6.33292999884259,200,94.0326454545454
28,6.73895367013889,213,93.9673090909091
28,7.11331430902778,225,93.8702
28,7.51812946990741,238,93.7933181818182
28,7.8915965787037,250,93.6954363636363
28,8.29142020023148,263,93.5577545454545
28,8.66033712384259,275,93.4779090909091
28,9.06120713078703,288,93.3722181818182
28,9.43177063773147,300,93.2463090909091
28,9.831997875,313,93.0978181818182
28,10.1988141030093,325,92.9683636363636
28,10.5996802025463,338,92.7866545454545
28,10.9685893113426,350,92.5926363636363
28,11.3702821134259,363,92.3690181818182
28,11.7411213668981,375,92.1384090909091
28,12.1411670358796,388,91.8324181818182
28,12.5115308287037,400,91.5007363636364
28,12.9129114270833,413,91.1177545454545
28,13.2865162384259,425,90.5795745454545
28,13.6933649525463,438,89.7542072727273
28,14.0653432314815,450,88.8315709090909
28,14.4692558645833,463,87.3285636363636
28,14.8396717488426,475,85.3711527272727
28,15.232949037037,488,82.8239481818182
28,15.5918870046296,500,80.0540718181818
29,0.705428363425926,21,97.0680181818182
29,1.4034078912037,42,97.0773909090909
29,2.09798775231482,63,97.0918909090909
29,2.75768368865741,83,97.0403909090909
29,3.44758648842593,104,96.9996272727273
29,4.13565066782407,125,96.9459
29,4.78856321527778,145,96.8821818181818
29,5.47271029166666,166,96.8499363636364
29,6.1553948125,187,96.8048
29,6.80405445949074,207,96.7466909090909
29,7.48347199074074,228,96.6873363636364
29,8.1600505474537,249,96.5764636363636
29,8.8305858761574,270,96.4878272727273
29,9.47037979861111,290,96.4102636363636
29,10.1386605335648,311,96.3101181818182
29,10.8097309236111,332,96.2208272727273
29,11.4482900868055,352,96.1132636363636
29,12.1208136087963,373,96.0269636363636
29,12.7928219293981,394,95.9419
29,13.4294436458333,414,95.7937454545455
29,14.0939166041667,435,95.7031363636363
29,14.7582034421296,456,95.5483818181818
29,15.41997934375,477,95.3978181818182
29,16.0466231643518,497,95.2425454545454
29,16.705085212963,518,95.0609090909091
29,17.3612626898148,539,94.8473
29,17.9846830208333,559,94.6672636363636
29,18.6391071666667,580,94.4105636363636
29,19.2872210648148,601,94.1657181818182
29,19.9013431712963,621,93.9198
29,20.5411829537037,642,93.6246090909091
29,21.1789466435185,663,93.2171636363636
29,21.8142639189815,684,92.7252
29,22.4187337210648,704,92.0693727272727
29,23.047680931713,725,91.2172909090909
29,23.6707803101852,746,90.0898036363636
29,24.2597045949074,766,88.6620772727273
29,24.8767079120371,787,86.41735
29,25.4832714212963,808,83.2712054545455
29,26.0434686689815,828,80.0352854545454
30,0.743464429398148,23,97.0715363636364
30,1.44607052662037,45,97.0472272727273
30,2.14479118865741,67,97.0150909090909
30,2.8423151412037,89,96.9345363636364
30,3.53694117592593,111,96.8609909090909
30,4.26173233217593,134,96.8035909090909
30,4.95176664120371,156,96.7518181818182
30,5.64085819791667,178,96.6621181818182
30,6.32909718287037,200,96.6058727272727
30,7.01655314814815,222,96.5475090909091
30,7.70180751273149,244,96.4685272727273
30,8.41365537731482,267,96.3738363636364
30,9.09364067361112,289,96.2791545454545
30,9.77209294791667,311,96.1925181818182
30,10.4488859398148,333,96.1031090909091
30,11.1270217939815,355,95.9888181818182
30,11.8096412210648,377,95.9096636363636
30,12.5224070613426,400,95.7902545454545
30,13.2003776030093,422,95.7036363636364
30,13.8767857997685,444,95.6126818181818
30,14.5522635497685,466,95.4826454545454
30,15.2253995173611,488,95.3563272727273
30,15.928429537037,511,95.2559818181818
30,16.5996287268519,533,95.0757181818182
30,17.2695857326389,555,94.9304363636363
30,17.9383443206018,577,94.7706363636364
30,18.6058822465278,599,94.5550636363636
30,19.2673137824074,621,94.324
30,19.9558271261574,644,94.0639363636364
30,20.6078051631944,666,93.7136727272727
30,21.2585660115741,688,93.2513363636364
30,21.9065756446759,710,92.6631272727273
30,22.5519231712963,732,91.9192727272727
30,23.1895589386574,754,91.0543818181818
30,23.8473954652778,777,89.9164136363636
30,24.4683981527778,799,88.5535045454545
30,25.0761985428241,821,86.8401472727273
30,25.6744121805556,843,84.8168409090909
30,26.2604560613426,865,82.5499409090909
30,26.8477093055556,887,80.0334645454545
31,0.516716918981482,16,95.6850272727273
31,0.993956699074074,31,95.7317454545454
31,1.50199557986111,47,95.7044727272727
31,1.97509084837963,62,95.6855727272727
31,2.4490622037037,77,95.5322636363636
31,2.95177526157407,93,95.5937
31,3.42273385185185,108,95.4250545454545
31,3.8932877037037,123,95.4724454545454
31,4.39359487962963,139,95.3757545454545
31,4.86240553472222,154,95.3243
31,5.36237939467592,170,95.2309818181818
31,5.82954729282407,185,95.1460454545454
31,6.29630926041667,200,95.0472545454545
31,6.79342750810186,216,94.9432
31,7.25799435300926,231,94.8231545454545
31,7.72260851388889,246,94.7217090909091
31,8.216962,262,94.5736636363636
31,8.67854957060185,277,94.4351363636364
31,9.16992845601852,293,94.2948636363636
31,9.62738035416667,308,94.1145545454545
31,10.0831694837963,323,93.9535545454545
31,10.5702242905093,339,93.7647181818182
31,11.0274136284722,354,93.5235818181818
31,11.4848112303241,369,93.2367
31,11.9694420949074,385,92.9706727272727
31,12.4222766111111,400,92.6190272727273
31,12.9015686516204,416,92.2661545454546
31,13.3481148078704,431,91.8561
31,13.790082150463,446,91.4170454545455
31,14.2572368703704,462,90.9442181818182
31,14.6934389490741,477,90.3933536363636
31,15.1241332060185,492,89.7986127272727
31,15.5810151018519,508,88.9823
31,16.0015656481481,523,88.2200545454545
31,16.4451555729167,539,87.2795254545454
31,16.8572383506944,554,86.227
31,17.2636566828704,569,85.0456081818182
31,17.698577818287,585,83.5952545454546
31,18.1098787222222,600,82.0394318181818
31,18.5387907233796,615,80.0609045454545
32,0.451886234953704,14,95.8803
32,0.898643144675926,28,95.9076909090909
32,1.34515022453704,42,95.9145545454545
32,1.78967455324074,56,95.9039181818182
32,2.23409064930555,70,95.8871
32,2.67891453819444,84,95.8428636363636
32,3.12150103472222,98,95.8264727272727
32,3.56639659606481,112,95.7548363636364
32,4.01019625462963,126,95.7159636363636
32,4.45304969444444,140,95.6517909090909
32,4.8965151724537,154,95.6106636363636
32,5.33949871296296,168,95.4596818181818
32,5.78226429513889,182,95.5003363636364
32,6.22549506018518,196,95.4304727272727
32,6.66804346527777,210,95.3876727272727
32,7.11199372106481,224,95.2945545454545
32,7.55495393634259,238,95.2320454545455
32,7.99777872569444,252,95.1235636363636
32,8.43763852662036,266,95.0443545454545
32,8.87769423842592,280,94.9243
32,9.3194143136574,294,94.8352909090909
32,9.75887627662036,308,94.6974090909091
32,10.1972606481481,322,94.5834363636364
32,10.6379645069444,336,94.4280636363636
32,11.0784387256944,350,94.2680545454545
32,11.5214449537037,364,94.1126
32,11.9627470023148,378,93.9516363636364
32,12.4039555520833,392,93.7182909090909
32,12.8430129375,406,93.5008636363636
32,13.2800943206018,420,93.2432
32,13.7169628287037,434,92.9358545454545
32,14.1515817708333,448,92.6037454545454
32,14.5908424409722,462,92.1772727272727
32,15.0289769305556,476,91.5947
32,15.4685909131944,490,90.7413690909091
32,15.9068974722222,504,89.66071
32,16.3451924027778,518,88.0524245454545
32,16.7793637152778,532,85.7179109090909
32,17.1998763298611,546,83.0066472727273
32,17.5883163831019,559,80.0305554545454
33,0.618937383101852,19,96.1800454545454
33,1.23233082407407,38,96.2231909090909
33,1.84389434837963,57,96.2235454545454
33,2.45281457175926,76,96.1663272727273
33,3.06042986689815,95,96.1491727272727
33,3.66672030787037,114,96.0860909090909
33,4.23899023726852,132,96.0621363636364
33,4.83998846064815,151,95.9848727272727
33,5.43874263425926,170,95.9461727272727
33,6.0376595625,189,95.8916454545455
33,6.63409375462963,208,95.8255272727273
33,7.2290100162037,227,95.7513818181818
33,7.82362683101852,246,95.6861090909091
33,8.38628157638889,264,95.6342636363636
33,8.98012331828703,283,95.5489363636364
33,9.57330502777777,302,95.4733727272727
33,10.1660890636574,321,95.3873818181818
33,10.7603796469907,340,95.2857909090909
33,11.3563452951389,359,95.1489181818182
33,11.9218932233796,377,95.0885272727273
33,12.5184989386574,396,94.9448272727273
33,13.113612900463,415,94.8633272727273
33,13.7085876111111,434,94.7020272727273
33,14.3007913391204,453,94.5710454545455
33,14.8915701215278,472,94.4201818181818
33,15.4801784259259,491,94.1971090909091
33,16.0362716493056,509,94.0610181818182
33,16.6216707511574,528,93.7974545454545
33,17.2055279791667,547,93.5459909090909
33,17.7877139097222,566,93.2128727272727
33,18.3661043854167,585,92.8019
33,18.9405890173611,604,92.3710909090909
33,19.5113901111111,623,91.8671636363636
33,20.0494011643519,641,91.2569727272727
33,20.6108427777778,660,90.4757272727273
33,21.1679913888889,679,89.4070372727273
33,21.7210240740741,698,87.9770845454545
33,22.2730625081019,717,85.8278927272727
33,22.8203676932871,736,83.05263
33,23.3317719780093,754,80.0100618181818
34,0.444621201388889,13,96.9640272727273
34,0.88530652662037,26,97.0038545454545
34,1.29126726273148,38,96.9900454545455
34,1.72917586342593,51,96.9814727272727
34,2.16525208564815,64,96.9633818181818
34,2.56820012384259,76,96.9026545454545
34,3.00159729050926,89,96.8733363636364
34,3.40195862384259,101,96.8578
34,3.83526056018519,114,96.8097636363636
34,4.26762946180556,127,96.7587363636364
34,4.66585055555556,139,96.7302909090909
34,5.09721269675926,152,96.6878818181818
34,5.52874370717593,165,96.6059909090909
34,5.92736056365741,177,96.5615636363636
34,6.35843960995371,190,96.4966454545455
34,6.75655475347222,202,96.4445636363636
34,7.18754710648148,215,96.3719363636364
34,7.61865555208333,228,96.2947636363636
34,8.01643133680555,240,96.1966545454545
34,8.44541440046296,253,96.1015909090909
34,8.87459891203704,266,95.9871454545455
34,9.27116278240741,278,95.8776909090909
34,9.69870648263889,291,95.7516909090909
34,10.0935623356482,303,95.6222363636363
34,10.5220359155093,316,95.4620090909091
34,10.9513173865741,329,95.2816909090909
34,11.3491712314815,341,95.0721363636364
34,11.7802557546296,354,94.8495727272727
34,12.2096428148148,367,94.5807181818182
34,12.6068510127315,379,94.2733
34,13.0331849467593,392,93.9225909090909
34,13.4289757986111,404,93.4530181818182
34,13.8587114872685,417,92.9557727272727
34,14.2919994571759,430,92.2649454545455
34,14.694951931713,442,91.3011727272727
34,15.1281719236111,455,89.9915263636364
34,15.5590321956019,468,88.1491518181818
34,15.9470588773148,480,86.1002154545454
34,16.3617544398148,493,83.3427636363636
34,16.747392025463,505,80.1805854545455
35,0.710423538194444,23,95.6840636363636
35,1.38326587152778,45,95.6772272727273
35,2.05221563657407,67,95.6758454545455
35,2.74780769444444,90,95.5909727272727
35,3.40965773263889,112,95.5272090909091
35,4.06957724884259,134,95.4625636363636
35,4.72790656481481,156,95.4056181818182
35,5.41047429166666,179,95.3253272727273
35,6.06032781018518,201,95.2089818181818
35,6.70818617361111,223,95.1210727272727
35,7.38380032060185,246,95.0137454545455
35,8.0273925949074,268,94.8937090909091
35,8.66914930787036,290,94.7926454545454
35,9.30996949421296,312,94.6777
35,9.97743763657406,335,94.5677181818182
35,10.6139729722222,357,94.4229909090909
35,11.2487402002315,379,94.2813818181818
35,11.8817543981481,401,94.1715272727273
35,12.5412036296296,424,94.0046
35,13.16913778125,446,93.8871363636363
35,13.7966880115741,468,93.7322818181818
35,14.4492692881944,491,93.5594090909091
35,15.0715916192129,513,93.4210909090909
35,15.6923723854166,535,93.2526545454545
35,16.3104200428241,557,93.0766909090909
35,16.9536558715278,580,92.8788636363636
35,17.5659331180555,602,92.6607181818182
35,18.1751477303241,624,92.4298636363636
35,18.7818223703703,646,92.1669454545454
35,19.4114631342592,669,91.9136454545455
35,20.009852480324,691,91.6103909090909
35,20.6034170231481,713,91.2582636363636
35,21.21941278125,736,90.7080609090909
35,21.8028221377315,758,90.0154981818182
35,22.3787409155092,780,89.0733163636364
35,22.9440466400463,802,87.9183036363636
35,23.5228584930555,825,86.3687718181818
35,24.0644942523148,847,84.4429672727273
35,24.5917731226852,869,82.21998
35,25.1088351388889,891,80.0122509090909
36,0.855755302083333,28,96.0771181818182
36,1.66612792939815,55,96.0232545454545
36,2.47106641087963,82,95.9750818181818
36,3.27097580439815,109,95.9041545454545
36,4.06727396527778,136,95.8225181818182
36,4.85942982986111,163,95.7462
36,5.64882998958333,190,95.6478363636364
36,6.43479852083333,217,95.5799181818182
36,7.21796443518519,244,95.4617363636364
36,7.99871641319444,271,95.3817454545455
36,8.77723839699074,298,95.2824181818182
36,9.55337011574073,325,95.1877818181818
36,10.3269433275463,352,95.0770636363636
36,11.0984342893518,379,94.9297454545454
36,11.8679767361111,406,94.8089363636364
36,12.6351552002315,433,94.6703636363636
36,13.3994391458333,460,94.5226363636364
36,14.161373824074,487,94.4389636363636
36,14.9205933125,514,94.3044181818182
36,15.6778416157407,541,94.1256727272727
36,16.4316397418981,568,93.9844636363636
36,17.1831923761574,595,93.8169818181818
36,17.9330855300926,622,93.6430545454545
36,18.6806547476852,649,93.4474272727273
36,19.4237533518518,676,93.2797727272727
36,20.1633443078704,703,93.0982363636364
36,20.8984666203704,730,92.9239545454545
36,21.6322562881944,757,92.6839181818182
36,22.3650207604167,784,92.4016545454545
36,23.0951492453704,811,92.1066545454545
36,23.8209495115741,838,91.7501909090909
36,24.5415525636574,865,91.3509909090909
36,25.2563815717593,892,90.8721681818182
36,25.9640621805555,919,90.2965018181818
36,26.6640505208333,946,89.5657218181818
36,27.3546804837963,973,88.6766527272727
36,28.0342960243055,1000,87.5088081818182
36,28.7025337418981,1027,85.9077136363636
36,29.365728136574,1054,83.5510272727273
36,30.0398119224537,1081,80.0136654545455
37,0.473378856481482,15,96.5111909090909
37,0.941371491898148,30,96.5340818181818
37,1.4059934537037,45,96.4830454545454
37,1.8680559212963,60,96.4695727272727
37,2.32759698958333,75,96.4044181818182
37,2.78512181828704,90,96.3620181818182
37,3.24025655902778,105,96.3194909090909
37,3.69322562152778,120,96.2525272727273
37,4.14560996064815,135,96.2034636363636
37,4.59609817939815,150,96.1178363636363
37,5.0449696724537,165,96.0755454545454
37,5.4927146724537,180,96.0110727272727
37,5.93942732291667,195,95.9627454545454
37,6.38554032986111,210,95.9132363636363
37,6.83130295717593,225,95.8277636363636
37,7.27703555555556,240,95.7684
37,7.7227777511574,255,95.7008090909091
37,8.16921030208333,270,95.6190090909091
37,8.61536511805555,285,95.5332181818182
37,9.06231863425926,300,95.4522454545454
37,9.50974380208333,315,95.3685727272727
37,9.95782943634259,330,95.2484
37,10.4064194016204,345,95.1399363636364
37,10.8565452673611,360,94.9977727272727
37,11.3085079837963,375,94.8320909090909
37,11.7618324363426,390,94.6771818181818
37,12.2142951388889,405,94.5125181818182
37,12.6683126423611,420,94.3098545454545
37,13.1200476886574,435,94.1055
37,13.5742207534722,450,93.8256727272727
37,14.0256066296296,465,93.5654818181818
37,14.4773207523148,480,93.1801363636364
37,14.92942296875,495,92.8070090909091
37,15.3849831469907,510,92.2661
37,15.8491726990741,525,91.6275
37,16.3167644641204,540,90.5697563636364
37,16.7842415925926,555,89.0460172727273
37,17.2435806782407,570,86.9069536363636
37,17.6980079201389,585,83.8205545454545
37,18.1138263831019,599,80.2452727272727
38,0.674730888888889,22,95.0549818181818
38,1.33920519675926,44,95.0484090909091
38,1.96954439699074,65,95.0514636363636
38,2.62657603703704,87,94.9400545454545
38,3.25099872453704,108,94.8962545454545
38,3.90282428472222,130,94.8411181818182
38,4.55181253935185,152,94.7471181818182
38,5.16921925,173,94.6578909090909
38,5.81354863541667,195,94.5737
38,6.42507432291667,216,94.4886
38,7.06592493402777,238,94.3787818181818
38,7.67545322222222,259,94.2884272727273
38,8.31168334143519,281,94.1852727272727
38,8.94568580787037,303,94.0512818181818
38,9.54858715972222,324,93.9385909090909
38,10.1788016666667,346,93.8171454545455
38,10.7777695798611,367,93.6772636363636
38,11.4038743842593,389,93.5087545454545
38,11.9985108981481,410,93.3961
38,12.6201144930555,432,93.2358272727272
38,13.2390119386574,454,93.0765363636364
38,13.8288851550926,475,92.9572
38,14.4446568425926,497,92.7450090909091
38,15.029629400463,518,92.5830636363636
38,15.6414097071759,540,92.3587727272727
38,16.222508931713,561,92.1892818181818
38,16.8293280115741,583,91.9777909090909
38,17.4342461076389,605,91.7249090909091
38,18.0083907858796,626,91.5300090909091
38,18.6075317951389,648,91.2483454545454
38,19.1755577395833,669,90.9894636363636
38,19.7668215335648,691,90.6403118181818
38,20.326850099537,712,90.2546590909091
38,20.9087415787037,734,89.6756
38,21.4875399236111,756,88.8919609090909
38,22.0353888946759,777,87.8621281818182
38,22.6017150613426,799,86.4399781818182
38,23.131384681713,820,84.7208118181818
38,23.6718133206019,842,82.5163718181818
38,24.1805076782408,863,80.0852509090909
39,0.950147542824074,30,96.4456818181818
39,1.85726776041667,59,96.4212545454545
39,2.75749971064815,88,96.3640636363636
39,3.65126631712963,117,96.2826545454545
39,4.54014465393518,146,96.2176454545454
39,5.42442374305555,175,96.1250909090909
39,6.30461170254629,204,96.0335363636364
39,7.17865584606481,233,95.9153
39,8.04829886805555,262,95.8133272727272
39,8.91347439351851,291,95.6998090909091
39,9.7758156574074,320,95.5831545454545
39,10.6347462037037,349,95.4416
39,11.4907576400463,378,95.2707
39,12.372925681713,408,95.1518
39,13.2216045023148,437,95.0321818181818
39,14.0672399131945,466,94.9217
39,14.9091903761574,495,94.7874818181818
39,15.7483903819445,524,94.6267818181818
39,16.5841292349537,553,94.4774363636363
39,17.4168083842593,582,94.2897454545455
39,18.24604265625,611,94.1361909090909
39,19.0719143923611,640,93.9965
39,19.8937832824074,669,93.8367
39,20.7120291273148,698,93.6933545454545
39,21.5272142511574,727,93.4889818181818
39,22.3405078090278,756,93.2522909090909
39,23.1785655069445,786,93.0284727272727
39,23.9849321493056,815,92.7926272727273
39,24.7870281851852,844,92.5373454545454
39,25.5841843981482,873,92.2538
39,26.3764459328704,902,91.9240181818182
39,27.1626807314815,931,91.4982454545454
39,27.9415622685186,960,90.9395545454545
39,28.71085853125,989,90.1915218181818
39,29.4673478981482,1018,89.1119027272727
39,30.2076879768519,1047,87.5797218181818
39,31.6294359363426,1077,85.5374827272727
39,33.0528612361111,1107,83.4396209090909
39,33.7191085706019,1136,81.7727827272727
39,34.3748383958334,1165,80.0425081818182
40,0.573601190972222,19,95.4862363636364
40,1.10811534375,37,95.5001545454545
40,1.66861705787037,56,95.4564636363636
40,2.1969483900463,74,95.4521272727273
40,2.75276306134259,93,95.4079181818182
40,3.2771447962963,111,95.3633545454545
40,3.8284106875,130,95.3102454545455
40,4.34874125462963,148,95.2647636363636
40,4.89620523032407,167,95.2258
40,5.41400336921296,185,95.1580272727273
40,5.93053612615741,203,95.1045272727273
40,6.47407362268519,222,95.0640090909091
40,6.98821884837964,240,94.9875
40,7.53037519907408,259,94.9269818181818
40,8.04368848842594,277,94.8468727272727
40,8.58487212152779,296,94.7909181818182
40,9.09773129745372,314,94.7165272727273
40,9.63888855324075,333,94.6351363636364
40,10.15156875,351,94.5553363636364
40,10.6647006111111,369,94.4527090909091
40,11.208355587963,388,94.3241909090909
40,11.7250658506945,406,94.2117909090909
40,12.2690850451389,425,94.0712363636363
40,12.7852171759259,443,93.9430909090909
40,13.3282568564815,462,93.7480636363636
40,13.8433983449074,480,93.5964272727273
40,14.3836126435185,499,93.3712545454545
40,14.8952280671296,517,93.1563636363636
40,15.4349327013889,536,92.8370727272727
40,15.9442680555555,554,92.5614818181818
40,16.4509600439815,572,92.1853272727273
40,16.9852668611111,591,91.7261545454545
40,17.4905242650463,609,91.1207
40,18.0207487418982,628,90.4306009090909
40,18.5242131435185,646,89.5417654545455
40,19.0532084791667,665,88.4631654545454
40,19.5530039641204,683,87.1198554545454
40,20.0794475833333,702,85.1839345454545
40,20.5736156053241,720,82.9269236363636
40,21.0709015717593,738,80.1375072727273
41,0.875471863425926,28,96.4988909090909
41,1.7075382962963,55,96.4801454545455
41,2.53404168865741,82,96.4415090909091
41,3.35565506134259,109,96.3714090909091
41,4.17284355208333,136,96.2842363636363
41,4.9871605625,163,96.1956363636364
41,5.82786687731482,191,96.0907545454545
41,6.6364193113426,218,95.9807090909091
41,7.44094925925926,245,95.8547181818182
41,8.2423379201389,272,95.7680818181818
41,9.0408970300926,299,95.7107363636364
41,9.83586768981482,326,95.6055909090909
41,10.6282701956019,353,95.4700363636364
41,11.4470899085648,381,95.3489
41,12.2343496712963,408,95.2280181818182
41,13.0196112083334,435,95.1323636363636
41,13.8032675486111,462,95.0231454545455
41,14.5824688449074,489,94.9027
41,15.3578994976852,516,94.8408181818182
41,16.1313482743056,543,94.6557181818182
41,16.9332020243056,571,94.4776
41,17.7062290486111,598,94.3190090909091
41,18.4767382685186,625,94.1669818181818
41,19.244376269676,652,93.9860454545454
41,20.0094866400463,679,93.8131363636364
41,20.7720427916667,706,93.6284272727273
41,21.5592089745371,734,93.4007727272727
41,22.3150696388889,761,93.1707272727273
41,23.0679709386575,788,92.9130818181818
41,23.8168462407408,815,92.6212636363636
41,24.5610524340278,842,92.2707454545454
41,25.2999116053241,869,91.8659363636364
41,26.7364114351852,897,91.2057636363636
41,28.2175338101852,926,90.3720418181818
41,28.9250561261574,953,89.5653418181818
41,29.6216529432871,980,88.3754709090909
41,30.3036806215278,1007,86.8316236363636
41,30.96795915625,1034,84.9600381818182
41,31.61467315625,1061,82.69873
41,32.2549696053241,1088,80.0937790909091
42,0.680466166666667,21,96.3461363636364
42,1.35120867708333,42,96.3864454545454
42,2.01878570833333,63,96.4156909090909
42,2.68391117939815,84,96.3660909090909
42,3.34724218518518,105,96.3458818181818
42,4.00879765509259,126,96.3074272727273
42,4.66735373611111,147,96.2627818181818
42,5.32150674074074,168,96.1916272727273
42,5.9748358449074,189,96.1601090909091
42,6.5940642974537,209,96.0968090909091
42,7.24116075347221,230,96.0205
42,7.88691509722222,251,95.9555545454545
42,8.53156966087963,272,95.9031909090909
42,9.17595110532408,293,95.8237
42,9.81953701851852,314,95.7526181818182
42,10.4626997060185,335,95.6721636363636
42,11.1076545925926,356,95.5747272727273
42,11.7546500486111,377,95.4662636363636
42,12.4020195914352,398,95.3475090909091
42,13.0174460115741,418,95.3015636363636
42,13.6628010752315,439,95.1481818181818
42,14.3056083310185,460,95.0551454545454
42,14.9461697546296,481,94.9335
42,15.5854299282407,502,94.7317545454545
42,16.2217811087963,523,94.6250636363636
42,16.8573068287037,544,94.4548
42,17.4910980231481,565,94.2266454545454
42,18.1235400219907,586,94.0118636363636
42,18.7542748796296,607,93.7243272727273
42,19.3506104490741,627,93.4458090909091
42,19.9712660428241,648,93.0609181818182
42,20.5826518356482,669,92.6504636363636
42,21.1904871319445,690,92.0792727272727
42,21.7951391527778,711,91.3716272727273
42,22.3945779444445,732,90.4068509090909
42,22.9853830081019,753,89.2140481818182
42,23.5638035474537,774,87.7133390909091
42,24.1302467708334,795,85.6832263636364
42,24.6882796319445,816,82.9973109090909
42,25.2194723738427,836,80.0104409090909
43,0.645680571759259,20,95.7751272727273
43,1.25205341087963,39,95.8208090909091
43,1.88815354513889,59,95.8565545454545
43,2.48962785532407,78,95.8103454545454
43,3.08918154050926,97,95.8037363636364
43,3.7191631087963,117,95.7741727272727
43,4.31502409953704,136,95.7231545454545
43,4.90851263773148,155,95.6728818181818
43,5.53054047337963,175,95.6002818181818
43,6.12085355439815,194,95.5545454545454
43,6.70842093171296,213,95.4945727272727
43,7.32379195486111,233,95.4147
43,7.90956290509259,252,95.359
43,8.49377087037037,271,95.2950727272727
43,9.10822080208333,291,95.1958090909091
43,9.69038000578704,310,95.1109181818182
43,10.2732974606482,329,95.0328454545455
43,10.8880282708333,349,94.9191363636363
43,11.4736315405093,368,94.7612818181818
43,12.0591456458333,387,94.6800636363636
43,12.6748718703704,407,94.5409
43,13.2578909548611,426,94.3994636363636
43,13.870583744213,446,94.2754272727273
43,14.4496139849537,465,94.0838
43,15.0262964722222,484,93.9326272727273
43,15.6313429791667,504,93.6838909090909
43,16.2031051134259,523,93.5082090909091
43,16.7737122071759,542,93.2493090909091
43,17.372258505787,562,92.9221818181818
43,17.9383971678241,581,92.6499727272727
43,18.5018012858796,600,92.2052363636364
43,19.0883525729167,620,91.758
43,19.6400051319444,639,91.2033181818182
43,20.1830207523148,658,90.5372609090909
43,20.7441075740741,678,89.7517527272727
43,21.2718183148148,697,88.75305
43,21.7931757905092,716,87.4358418181818
43,22.3360934837963,736,85.4404409090909
43,22.8474796851852,755,82.9685763636364
43,23.3611947002315,774,80.0758109090909
44,0.5973768125,19,95.0068363636364
44,1.18852450347222,38,95.0698818181818
44,1.77783746990741,57,95.1028909090909
44,2.33426804861111,75,95.0837636363636
44,2.9198509224537,94,95.0735272727273
44,3.50430029861111,113,95.0146363636364
44,4.08625343402778,132,94.9883
44,4.63548530787037,150,94.9288
44,5.21186163888889,169,94.8823363636364
44,5.78765605787038,188,94.8230545454545
44,6.36130895717593,207,94.7704818181818
44,6.90289120486112,225,94.6970181818182
44,7.47069044097223,244,94.6253636363636
44,8.03974980671297,263,94.5491
44,8.60769323611112,282,94.4874909090909
44,9.14496400347223,300,94.4003727272727
44,9.71126384027779,319,94.3222545454545
44,10.2773598020833,338,94.2279090909091
44,10.8442780844907,357,94.1125090909091
44,11.3829253645833,375,93.9800272727273
44,11.9514238773148,394,93.8843727272727
44,12.5195115555556,413,93.7177727272727
44,13.0858820555555,432,93.6170727272727
44,13.6218429259259,450,93.4296454545454
44,14.1844449513889,469,93.2837090909091
44,14.7452514074074,488,93.0871545454546
44,15.3020337025463,507,92.8369090909091
44,15.8293097905093,525,92.6269727272727
44,16.3826615162037,544,92.3437636363636
44,16.9348685023148,563,92.0139090909091
44,17.4839298958333,582,91.5514727272727
44,18.0003917615741,600,91.1012
44,18.5415956203704,619,90.4272790909091
44,19.0751538344908,638,89.6988181818182
44,19.6011042025463,657,88.7778127272727
44,20.0900156585648,675,87.7046045454545
44,20.5945096527778,694,86.4045945454545
44,21.094880818287,713,84.6718172727273
44,21.5950293113426,732,82.5088136363636
44,22.0752682094907,750,80.0667354545455
45,0.731367017361111,24,95.1963454545454
45,1.45625428472222,48,95.2276272727273
45,2.15068376273148,71,95.2546909090909
45,2.87066682523148,95,95.2321272727273
45,3.55513113194444,118,95.1553454545455
45,4.26533147106481,142,95.1251636363636
45,4.93964967592592,165,95.0502272727273
45,5.64263403703703,189,94.9749
45,6.31181177777777,212,94.921
45,7.00652499652777,236,94.8509636363636
45,7.7028123773148,260,94.7876181818182
45,8.3686585636574,283,94.7249454545454
45,9.06219837731481,307,94.6503545454545
45,9.72175082638888,330,94.5375
45,10.4117539236111,354,94.4563727272727
45,11.0757806053241,377,94.3766909090909
45,11.768919505787,401,94.2585545454545
45,12.435993962963,424,94.1662272727273
45,13.1324653865741,448,94.1116363636364
45,13.80057221875,471,94.0491181818182
45,14.4961325960648,495,93.8782363636364
45,15.1859030798611,519,93.7286272727273
45,15.8462422939815,542,93.6146727272727
45,16.5308306319444,566,93.4361545454545
45,17.1911381666667,589,93.2958363636363
45,17.8770117951389,613,93.1443272727273
45,18.5329905636574,636,92.9030818181818
45,19.2162042118055,660,92.7294181818182
45,19.8613486909722,683,92.4701181818182
45,20.5227163263889,707,92.2285818181818
45,21.1834000833333,731,91.8825181818182
45,21.8155391851852,754,91.4984636363636
45,22.4721279016203,778,90.8809254545454
45,23.0966400543981,801,90.2322963636364
45,23.743814449074,825,89.3806218181818
45,24.3595717037037,848,88.3643954545454
45,24.9965250543981,872,87.0312181818182
45,25.5976558877314,895,85.3012309090909
45,26.21710125,919,82.8832172727273
45,26.7990732337963,942,80.0966027272727
